<?xml version="1.0" encoding="utf-8"?>
<Package
  xmlns="http://schemas.microsoft.com/appx/manifest/foundation/windows10"
  xmlns:uap="http://schemas.microsoft.com/appx/manifest/uap/windows10"
  xmlns:uap3="http://schemas.microsoft.com/appx/manifest/uap/windows10/3"
  IgnorableNamespaces="uap3">

  <Identity
    Name="8bitSolutionsLLC.bitwarden-FreePasswordManager"
    Publisher="CN=14D52771-DE3C-4886-B8BF-825BA7690418"
    Version="0.0.0.0"/>

  <Properties>
    <DisplayName>Bitwarden Password Manager</DisplayName>
    <PublisherDisplayName>Bitwarden Inc</PublisherDisplayName>
    <Logo>Assets/icon_50.png</Logo>
  </Properties>

  <Dependencies>
    <TargetDeviceFamily Name="Windows.Desktop"
      MinVersion="10.0.14393.0"
      MaxVersionTested="10.0.14800.0" />
  </Dependencies>

  <Resources>
    <Resource Language="en-us"/>
  </Resources>

  <Applications>
    <Application Id="App">
      <uap:VisualElements
        AppListEntry="none"
        DisplayName="Bitwarden Password Manager"
        Square150x150Logo="Assets/icon_150.png"
        Square44x44Logo="Assets/icon_44.png"
        Description="At home, at work, or on the go, Bitwarden easily secures all your passwords, passkeys, and sensitive information."
        BackgroundColor="white">
      </uap:VisualElements>
      <Extensions>
      <uap3:Extension Category="windows.appExtension">
        <uap3:AppExtension Name="com.microsoft.edge.extension"
          Id="EdgeExtension"
          PublicFolder="Extension"
          DisplayName="Bitwarden Password Manager">
        </uap3:AppExtension>
      </uap3:Extension>
      </Extensions>
 </Application>
</Applications>
</Package>
